name,created_at
Alice Johnson,2023-01-05T10:30:00
Bob Smith,2023-02-20T14:45:00
Charlie Daniels,2023-03-10T09:00:00
Diana Prince,2023-04-01T16:00:00
Edward Norton,2023-04-15T12:30:00
Fiona Gallagher,2023-05-05T08:15:00
George Clooney,2023-06-25T17:50:00
Hannah Montana,2023-07-18T11:20:00
Ian Somerhalder,2023-08-02T13:35:00
Jane Doe,2023-09-09T19:10:00
Kelly Clarkson,2023-10-22T07:40:00
Leonardo DiCaprio,2023-11-11T21:30:00
Miley Cyrus,2023-12-05T06:55:00
Nathan Drake,2024-01-14T10:00:00
Olivia Benson,2024-02-01T15:25:00